Link, Anchor Text
"http://www.data-avalanche.org/", 
"http://www.data-avalanche.org/now", CURRENT CONDITIONS
"http://www.data-avalanche.org/explore", EXPLORE THE DATABASE
"http://www.data-avalanche.org/danger", Avalanche toolbox
"http://www.data-avalanche.org/understand", Better understanding
"http://www.data-avalanche.org/about", About us
"http://www.data-avalanche.org/explore?winter=2012#", ✛
"http://www.data-avalanche.org/explore?winter=2012&lang=fr", FR
"http://www.data-avalanche.org/avalanche/1382287820696", 
13/08/2013 Mont Blanc Mont Blanc du Tacul Face Nord
"La coulée, provoquée par une chute de blocs de glace, a emporté un groupe d'au moins sept personnes qui évoluait sur la montagne. Les secouristes ont retrouvé dans une rimaye une cordée de trois alpinistes emportés par l'avalanche. "

"http://www.data-avalanche.org/avalanche/1371502161716", 
16/06/2013 Haute Maurienne Bonneval sur Arc RD 902 - Accès au Col de l'Iseran ; Rocher des Hirondelles
Cette avalanche semble avoir glissé en fin de journée du dimanche. La route avait été maintenue fermée à la circulation.

"http://www.data-avalanche.org/avalanche/1371044207845", 
11/06/2013 Lauzière Col de la Madeleine RD 94 - Couloir des Ardoisières
Avalanche descendue spontanément en après midi sur route jusque là fermée. Nous surveillions cette plaque qui glissait depuis plusieurs semaines. La veille de son départ, elle n'était plus en appui que sur un pilier de neige précaire (cf photos).

"http://www.data-avalanche.org/avalanche/1370849251026", 
05/06/2013 Haute Maurienne Bonneval sur Arc RD 902 - Accès au Col de l'Iseran ; secteur de La Met
Glissement de talus, ayant déposé un volume important sur la chaussée encore fermée à la circulation.

"http://www.data-avalanche.org/avalanche/1370335309346", 
02/06/2013 Vanoise Aiguille de Polset Glacier de Polset, traversée depuis les pistes de Val Thorens
La neige est encore froide et plutôt dure, peut être un peu accumulée et transformée par le vent. Montée avec les couteaux. La neige de surface se met soudainement à glisser. Jean Claude parvient à s'accrocher à la pente et à ne pas être emporté. Luc est malheureusement entrainé. Il n'es pas enfoui, mais a heurté des rochers au passage : tibia et péroné fracturés ; pied à l'équerre. Secours héliporté un peu "limite" à cause d'une mer de nuages fluctuante (merci, une fois de plus, au secours aérien de Modane !).  Mauvaise fin de saison pour ces deux randonneurs chevronnés... heureux quand même que l'issue n'ait pas été pire.

"http://www.data-avalanche.org/avalanche/1370340719042", 
02/06/2013 Haute Tarentaise Col du Petit Saint Bernard RD1090 ; aval du pont de la Marquise
Avalanche descendue spontanément en fin d'après midi. Elle a traversé la route d'accès au col du Petit St Bernard, qui avait été maintenus fermée par le Conseil Général de la Savoie.

"http://www.data-avalanche.org/avalanche/1369683935351", 
26/05/2013 Ecrins Roche Faurio
Six randonneurs emportés, dont l'un totalement enfoui. "Le leader nous prévient, je me met travers à la pente, espérant pouvoir résister. 2 secondes plus tard, la neige arrive, je résiste environ 1/2 seconde puis je suis emporté cul par dessus tête. Gabin s'est mis face à la pente, il est le seul des 6 ayant été emportés à ne pas avoir été enseveli.." (photos par plusieurs auteurs, impliqués dans l'avalanche ou arrivés juste après.)

"http://www.data-avalanche.org/avalanche/1368964425845", 
19/05/2013 Haute Maurienne Col du Mont Cenis Pointe du Lamet - RD 1006
Tirs préventif avant passage de la course cycliste Giro d'Italia. Avalanches de peu d'ampleur, étant donnée les précipitations très abondantes des heures précédentes

"http://www.data-avalanche.org/avalanche/1368711239966", 
15/05/2013 Beaufortain Lac de Roselend RD 217
Les plaques de fond continuent à glisser dans ce secteur. Celle ci est partie dans la nuit du 14 au 15 mai. D'ampleur modeste, elle marque néanmoins la poursuite de l'activité.

"http://www.data-avalanche.org/avalanche/1368691260666", 
14/05/2013 Maurienne Ouillon Col du Glandon - RD 927
Minage habituel de la "corniche" du Glandon, avant travaux de déneigement. Video avec le lien ci dessous.

"http://www.data-avalanche.org/avalanche/1367958151070", 
07/05/2013 Maurienne Grand Galibier RD 902 - Valloire - Col du Galibier
Plaque déclenchée par minage de la "corniche", en vue de sécuriser le secteur pour la course cycliste du GIRO d'Italia.

"http://www.data-avalanche.org/avalanche/1367526106952", 
02/05/2013 Vanoise Grande Casse Grands Couloirs
L'avalanche s'est déclenchée alors que les 4 alpinistes étaient proches de la sortie du couloir. L'une des victimes n'a pas pu être sauvée.  La situation particulièrement piégeuse ce printemps (du moins en Savoie) se confirme dramatiquement. Le PGHM redoute de nouveaux accidents, avec le beau temps annoncé pour le week end. 

"http://www.data-avalanche.org/avalanche/1367264708837", 
29/04/2013 Haute Maurienne Pointe Longe Côte
Très nombreuses avalanches parties en journée, avec la pluie et les températures élevées.

"http://www.data-avalanche.org/avalanche/1367005579289", 
25/04/2013 Beaufortain Les Chapieux Aiguille de Praina
Une des nombreuses purges observées cet après midi, après une nuit sans regel et une matinée faiblement pluvieuse. Versant ombragés encore "bien" enneigés. Altitudes indiquées approximatives.

"http://www.data-avalanche.org/avalanche/1366829622310", 
21/04/2013 Maurienne Grand Galibier Plan Lachat ; Pointe du Vallon ; RD 902
Une des purges consécutives aux abondantes chutes de neige du samedi puis au "coup de chaud" du dimanche. Départ linéaire ici. Des départs ponctuels ont aussi été observés.

"http://www.data-avalanche.org/avalanche/1441179822077", 
21/04/2013 Haute Maurienne Col du Mont Cenis RD 1006 Les Echelles
Attention : date incertaine (observation le matin du 25 avril). Avalanche spontanée qui a emporté des ouvrages de protection en bord de chaussée.

"http://www.data-avalanche.org/avalanche/1366732536519", 
20/04/2013 Colorado Loveland Pass
Cinq personnes (4 snowboarders et un skieur) ont été tuées par une avalanche à proximité de Loveland Pass dans le Colorado. Les victimes participaient à un événement de snowboard backcountry appelé "Rocky Mountain High Gathering Backcountry". Plus d'infos dans le lien (en anglais) vers une description.

"http://www.data-avalanche.org/avalanche/1366308444893", 
17/04/2013 Vanoise Rateau d'Aussois RD 215 - Avalanche de l'Apolonie
Cette avalanche, qui descend rarement, a presque atteint la chaussée malgré un versant déjà très déneigé.

"http://www.data-avalanche.org/avalanche/1366268641260", 
17/04/2013 Haute Tarentaise Grande Sassière Davie - RD 902
Déclenchement préventif d'avalanche sur route fermée d'accès à Tignes et val d'Isère. Une avalanche avait atteint la chaussée la veille, signalée par un détecteur routier d'avalanches (DRA) Voir la vidéo

"http://www.data-avalanche.org/avalanche/1366295652333", 
17/04/2013 Vanoise Dent Parrachée Pointe de Bellecôte - Col des Hauts
Une des nombreuses avalanches parties spontanément ces jours ci, plutôt en fin de journée.

"http://www.data-avalanche.org/avalanche/1366228530216", 
16/04/2013 Oisans Col du Lautaret La Liche
Ces différentes avalanches sont parties entre le 14 et le 16 avril. La photo est prise depuis la route départementale RD1091.

"http://www.data-avalanche.org/avalanche/1366227782760", 
16/04/2013 Oisans Pic de l'Homme La Seuire
Une des nombreuses avalanches parties ces jours-ci dans le secteur du Lautaret. Le BRA indiquait un risque 3 évoluant en risque 4.

"http://www.data-avalanche.org/avalanche/1366226694532", 
16/04/2013 Oisans Col du Lautaret La Madeleine - Monêtier-Les-Bains
Une des nombreuses avalanches parties ces jours-ci.  Le BRA indiquait un risque 3 évoluant en risque 4 en journée.

"http://www.data-avalanche.org/avalanche/1366294155669", 
16/04/2013 Vanoise Dent Parrachée Col des Hauts ; Aussois
Départ spontané, en fin de journée probablement. Pas encore observé à cet endroit... selon les "anciens"

"http://www.data-avalanche.org/avalanche/1367096901531", 
16/04/2013 Haute Tarentaise Tignes Davie - RD 902
L'avalanche, rare (n'avait pas atteint la chaussée depuis mars 2006), a été signalée grâce à l'activation d'un détecteur routier d'avalanches (DRA). C'est pourquoi, après avoir vérifié son fonctionnement, la route a pu être dégagée puis ouverte à la circulation. Voir la video

"http://www.data-avalanche.org/avalanche/1367415320484", 
16/04/2013 Ecrins Aiguille de Lanchâtra Combe de Moulin David - Avalanche n°116 de la CLPA de St Christophe en Oisans
L'avalanche a été filmée depuis la Via Ferrata de St Christophe en Oisans. Voir la vidéo dans le "Lien vers une description" et également le lien vers le site Skipass.  Le BRA indiquait pour ce jour un risque de 3 évoluant en 4.

"http://www.data-avalanche.org/avalanche/1366268031196", 
16/04/2013 Maurienne Mont Charvin Paravalanche RD 926
La route étant fermée préventivement, une nouvelle avalanche a débordé le l'ouvrage paravalanche, pour atteindre la chaussée.

"http://www.data-avalanche.org/avalanche/1367094279435", 
15/04/2013 Maurienne Grand Galibier Plan Lachat - RD 902 - Valloire - Col du Galibier
Avalanche de plaque partie spontanément au cours d'un épisode très actif : nombreuses autres avalanches observées dans le secteur depuis le matin, parfois importantes.

"http://www.data-avalanche.org/avalanche/1366267707700", 
15/04/2013 Maurienne Mont Charvin Paravalanche RD 926
L'avalanche a débordé l'ouvrage de protection (casquette paravalanche)

"http://www.data-avalanche.org/avalanche/1366471787629", 
15/04/2013 Ecrins La Cucumelle Vallons de la Cucumelle - Serre-Chevalier
L'avalanche est descendue dans les Vallons de la Cucumelle et a débordé sur la piste des Vallons. Quelques arbres ont été pliés et emportés. Le BRA indiquait un risque de 3 évoluant en 4.

"http://www.data-avalanche.org/avalanche/1366218761972", 
15/04/2013 Mercantour Cime du Chavalet Hors-piste domaine skiable Auron - Sous le Télésiège du Dôme
Deux skieurs qui évoluaient en hors-piste ont été emportés par une avalanche. Malheureusement, l'un des deux est décédé à la suite de ses blessures. D'après Nice Matin, l'avalanche mesurait "300 mètres de long sur 50 mètres de large".  Le BRA indiquait un risque 3 évoluant en 4.

"http://www.data-avalanche.org/avalanche/1366134032683", 
14/04/2013 Briançonnais Le Janus Couloir du Grand Réal - Montgenèvre - RN94
L'avalanche est partie après 18h (l'heure exacte n'est pas connue). Elle a fini sa course en bordure de la RN94. Elle ne serait pas descendue aussi bas depuis au moins 20 ans.

"http://www.data-avalanche.org/avalanche/1367168145467", 
14/04/2013 Haute Tarentaise Grande Aiguille Rousse Pas du Bouquetin
L'avalanche a été déclenchée en haut du couloir en montée skis sur le dos. La personne a été emportée sur 150 m, elle en sortira fort heureusement indemne avec juste une grosse contusion à la jambe.

"http://www.data-avalanche.org/avalanche/1366002677328", 
14/04/2013 Haute Maurienne Termignon Signal du Petit Mont Cenis ; l'Erellaz
Très vaste avalanche de plaque, partie en fin de journée semble-t-il

"http://www.data-avalanche.org/avalanche/1365937868880", 
14/04/2013 Vanoise Dent Parrachée Chaise du Pape. Pente sommitale
Plusieurs skieurs de randonnée emportés, dont certains décédés ou dans un état grave. Vaste plaque de neige sèche, plus ou moins croutée en surface.

"http://www.data-avalanche.org/avalanche/1367092837971", 
14/04/2013 Maurienne Roche Olvéra Plan Lachat - RD 902 - Valloire - Col du Galibier
Avalanche importante déclenchée volontairement par minage de corniche, afin de sécuriser de déneigement de l'accès au col du Galibier

"http://www.data-avalanche.org/avalanche/1365963562888", 
14/04/2013 Haute Maurienne Bessans Claret
Encore un départ spontané de vaste avalanche de plaque

"http://www.data-avalanche.org/avalanche/1365951891160", 
14/04/2013 Vanoise Rateau d'Aussois
Après de multiples avalanches de moyenne ampleur tombées ces derniers jours, une autre de plus grande ampleur est tombée en cette fin d’après midi. Elle a traversé la route EDF et a fini sa course non loin du ruisseau saint Benoit.

"http://www.data-avalanche.org/avalanche/1367417022680", 
14/04/2013 Haute Maurienne Albaron Itinéraire de montée par le Glacier des Evettes - Corniche Selle de l'Albaron
L'avalanche a été déclenchée par la rupture de la corniche et a traversé l'itinéraire de montée sous la Selle de l'Albaron. Voir le compte-rendu de la sortie sur Skitour dans le Lien vers une description.

"http://www.data-avalanche.org/avalanche/1365955621240", 13/04/2013 Champsaur Mourre Froid Col de la Montagne Haute - Prapic
Extrait du Dauphiné Libéré : "Un skieur de randonnée, âgé de 60 ans et originaire du Rhône, est décédé dans une avalanche, ce samedi dans le Champsaur (Hautes-Alpes). L’accident a eu lieu vers 14 heures, plus précisément dans le secteur du Mourre Froid, au col de Montagne haute, à Prapic. Un secteur où les CRS des Alpes de Briançon s’étaient rendus plus tôt dans la journée. Une première avalanche leur avait été signalée à seulement quelques mètres du tragique accident dès 10 heures, hier matin. [...] Un ami qui l’accompagnait a également été emporté, mais il est sorti indemne de l’avalanche et a pu prévenir les secours, CRS des Alpes de Briançon." Le BRA indiquait un risque 2 évoluant en risque 3.

"http://www.data-avalanche.org/avalanche/1365793526341", 
12/04/2013 Haute Maurienne Bessans Tierce
Une des multiples purges spontanées de ce jour.

"http://www.data-avalanche.org/avalanche/1365798278041", 
12/04/2013 Mont Blanc Glacier de Taconnaz Système paravalanche de Taconnaz
Une avalanche de grande ampleur est partie du glacier de Taconnaz. Son souffle a été ressenti sur la Route Blanche, située quelques centaines de mètres en contrebas. L'écoulement dense d’un volume important a rempli à moitié le paravalanche de Taconnaz. L'accumulation dans le paravalanche est d'environ 15m. Une photo supplémentaire est visible sur le forum Photos TP ici

"http://www.data-avalanche.org/avalanche/1365797173713", 
12/04/2013 Vanoise Aiguille de Mey Doron de Chavière
Départ spontané d'une assez vaste avalanche de fond. Au moins une autre, plus importante, a atteint le fond du Vallon de Chavière quelques heures auparavant. Attention : de nombreux secteurs sont exposés ces jours ci, à cause de réchauffement marqué sur un manteau neigeux encore très épais pour la saison.

"http://www.data-avalanche.org/avalanche/1365785920933", 
11/04/2013 Haute Tarentaise Tignes Rocher Blanc
Une des plaques de fond parties ce jour là, parmi de nombreuses autres d'ampleur faible à modérée.

"http://www.data-avalanche.org/avalanche/1365759774669", 
10/04/2013 Vanoise Dent Parrachée
Cette plaque a du partir dans la soirée du Mercredi 10/04/2013, peut être après un passage pluvieux.

"http://www.data-avalanche.org/avalanche/1365176277789", 
04/04/2013 Massif Central Puy de Sancy Le Mont Dore ; Val d'Enfer
"L'avalanche est descendue en soirée ou dans la nuit. Nous l'avons découverte ce matin." "Occasionnée par un redoux hier avec une limite pluie neige vers 1400 à 1500m."

"http://www.data-avalanche.org/avalanche/1365175203089", 
03/04/2013 Vanoise Grande Motte Refuge de la Leisse ; Plan des Chamois
"J'étais en train de monter en face (au Charbonnier), du coup j'ai bien vu quand c'est parti. "Il a fait très chaud dans les pentes sud. Beaucoup d'autres coulées sont partesi toute la journée dans cette face raide de la Grand Casse / Grande Motte. Alors qu'en face (au nord) la neige poudreuse était parfaite..."  Merci à Céline et à Greg, gardiens du refuge de la Leisse et très attentifs aux conditions nivologiques :)

"http://www.data-avalanche.org/avalanche/1365179314153", 
02/04/2013 Haute Maurienne Bessans Pointes du Chatelard ; Revernotte
"Descendue mardi 2 avril vers 17 heures suivie de plusieurs autres plus petites même versant a plusieurs altitudes."

"http://www.data-avalanche.org/avalanche/1365250584835", 
01/04/2013 Jura La Dôle
Avalanche partie spontanément entre 11h et 13h.

"http://www.data-avalanche.org/avalanche/1364934608320", 01/04/2013 Vanoise Aiguille de Péclet Secteur du Couloir du Rocs des Saint-Pères
"Une première coulée a emporté, sur près de 300 mètres de distance, un Suédois âgé d’une vingtaine d’années qui descendait dans le secteur du couloir du Roc des Saints-Pères (3 470 mètres d’altitude) à Val Thorens, en compagnie de deux compatriotes. Par chance, le jeune homme est resté à la surface de l’avalanche. Pris en charge dans un premier temps par les pisteurs de la station, il souffrait d’une fracture du bassin, ce qui a décidé le recours au PGHM et son évacuation par hélicoptère à l’hôpital de Moûtiers. " source DL

"http://www.data-avalanche.org/avalanche/1365008966397", 01/04/2013 Vanoise Aiguille du fruit Vers le couloir Nord-Ouest
Partie de 2 900 mètres d’altitude peu avant 14 heures, deux Isérois âgés d’une quarantaine d’années ont déclenchée une coulée alors qu’ils montaient un couloir en ski de randonnée au nord-ouest de l’Aiguille du Fruit.  Tous deux ont été emportés alors qu’un troisième homme qui les accompagnait, Isérois également, resté en bas de la pente, a pu se mettre à l’abri à temps.

"http://www.data-avalanche.org/avalanche/1364669424655", 
29/03/2013 Haute Tarentaise Les Arcs Aiguille Grive - Roc du Grand renard
En fin de journée, une avalanche s’est déclenchée dans le secteur du col du Grand Renard aux Arcs. La coulée, large de 50 mètres et haute de 1,50 mètre, est alors venue couper la piste du même nom, emportant sur son passage une skieuse russe de 41 ans. Après sondage par une vingtaine de pisteurs-secouriste de la station, la victime a été retrouvée en arrêt cardio-respiratoire ; elle n'a pas pu être sauvée.

"http://www.data-avalanche.org/avalanche/1365252752459", 
23/03/2013 Belledonne Le Recoin RD111 - Route d'accès à Chamrousse Le Recoin (PR 21+850) - Avalanche n°1 CLPA St Martin d'Uriage
L'avalanche a été signalée vers 15h.  D'importantes chutes de neige ont été observées dans la nuit du 17 au 18 mars suivi d'un net redoux le 22 mars (pas de regel dans la nuit du 22 au 23). il s'agit de la couche de neige récente humidifiée qui s'est mise en mouvement. Les photos du jour de l'avalanche ont été prises par la Police Municipale.

"http://www.data-avalanche.org/avalanche/1365349806009", 
23/03/2013 Valais Cabane de Prafleury Col de Mourty
Un skieur se fait emporter et s'en sort heureusement indemne. "Je fais 5 a 6 virages avant une rupture de pente et je pense revenir à gauche , d’autant plus que j’aperçois des cailloux en dessous. La suite … ça se fend de partout autour de moi ..."  40 années de pratique ; première grosse surprise. Comme quoi.... Merci pour le témoignage !

"http://www.data-avalanche.org/avalanche/1364416218772", 
22/03/2013 Val di Rheme Benevolo En amont du refuge Benevolo
Plaque déclenchée à distance par skieur évoluant en peaux dans une sorte de replat à 10-15°, avec un wouf caractéristique. La rupture de la plaque a lieu à une centaine de mètres de distance, dans la pente qui le domine, sous les rochers, dans une zone à environ 40° d'orientation NE, épaisseur entre 20 et 50cm. Plan de glissement présent sur toute la surface purgée constitué d'une couche d'environ 1cm de neige sans cohésion sur une couche plus ferme (enfoncement 10cm à pied, impossible à monter en peaux sans glisser). L’écoulement s'arrête à peu près sur le point de déclenchement. A noter que la pente se prolonge vers le nord, en orientation E, mais moins raide (35°), fissurée en haut mais sans mise en mouvement ( un autre wouf entendu pendant la fuite). Compte tenu de la situation nivologue constatée ces jours-là, le reste du groupe était, au moment du déclenchement, en retrait dans une zone plus sure. L'image a été prise quelques minutes plus tard alors que le groupe rejoignait l'épaule en empruntant la zone purgée. 

"http://www.data-avalanche.org/avalanche/1363975507100", 
22/03/2013 Queyras Col Tronchet
Extrait du Dauphiné Libéré: "Un skieur de randonnée âgé de 69 ans est mort ce vendredi en début d’après-midi, emporté par une avalanche dans la vallée du Queyras. La victime, originaire des Hauts-de-Seine, faisait partie d’un groupe d’une dizaine de personnes, qui évoluait en ski de randonnée. La coulée de neige a également emporté une seconde personne qui a pu être secourue et qui est indemne. "  De grosses chutes de neige observées les 17 et 18 mars avec environ 85 cm de neige tombés au village de Ceillac.

"http://www.data-avalanche.org/avalanche/1363935054084", 
21/03/2013 Briançonnais Montgenèvre Secteur Aigle
Plaque déclenchée à la réception d'un saut. Le skieur emporté se luxe l'épaule. Les photos illustrent l'ensemble du déclenchement.  vidéo de l'avalanche

"http://www.data-avalanche.org/avalanche/1366552056200", 
21/03/2013 Corse Punta Minuta Cirque du Trimbulacciu - Vallon de Pampanosa
Les informations et les photos concernant cette avalanche sont issues du Blog Montagnes de Corse. "Les dimensions de l'avalanche sont exceptionnelles : plus d'un km de long pour une largeur, par endroit supérieure à 100 mètres." Un autre lien vers le blog ici

"http://www.data-avalanche.org/avalanche/1363810856203", 19/03/2013 Ubaye Montclar Hors-piste Station de St Jean Montclar - Vallon de la Coulée
Extrait de l'article de France 3 Alpes Côte d'Azur :  "Un skieur de randonnée qui évoluait sur le domaine skiable de la station de Saint-Jean-Montclar, dans la Vallée de l'Ubaye, est décédé après avoir été emporté par une avalanche. La victime, un homme âgée de 27 ans et originaire du village de Selonnet (Alpes de Haute-Provence), faisait partie d'un groupe de trois personnes " qui évoluaient sur une piste noire de la station, mais qui était fermée ", a précisé à l'AFP, Véronique Caron, sous-préfet de la ville de Barcelonnette. La victime a été retrouvée ensevelie sous plusieurs mètres de neige, plus d'une heure après l'alerte. Les deux autres personnes, qui n'ont pas été emportées par l'avalanche, ont été rapidement retrouvées saines et sauves. "

"http://www.data-avalanche.org/avalanche/1363778658103", 
18/03/2013 Haute Tarentaise La Rosière
"En milieu de journée, le jeune Praguois de 33 ans a déclenché une plaque alors qu’il évoluait en hors-piste au niveau du haut du télésiège des Ecudets, à 1900 mètres d’altitude. Il a été emporté par une coulée d’une soixantaine de mètres de large et de 40 centimètres d’épaisseur. Equipé d’un détecteur de victimes d’avalanches (DVA), il a été retrouvé au bout d’une vingtaine de minutes par les pisteurs-secouristes de la station sous 1,20 mètre de neige. Il n’a pas pu être ranimé." Plusieurs autres avalanches accidentelles se sont produites le lendemain en Savoie : Méribel, Valmorel, Val Thorens, etc.

"http://www.data-avalanche.org/avalanche/1363368844196", 15/03/2013 Maurienne Val Thorens Secteur Rosael, Versant Orelle
Un surfeur est recherché par ses 2 copains qui l'on perdu de vue... Seule l'obstination du service des pistes a permis de le retrouver 2 heures plus tard dans le dépôt d'une coulée de très faible ampleur, en hypothermie sévère mais vivant ! Il semble que le froid intense et le vent violent aient gêné le travail des chiens. La victime a été localisée à la sonde par un pisteur sous 80 à 150 cm de neige. Merci Manu ;-)

"http://www.data-avalanche.org/avalanche/1363591639978", 
15/03/2013 Vanoise Dent Parrachée Roche Chevrière
"Nous remontions la pente douce dans l axe de la pointe Chevriere. Pente a 20 25 degré , 30 m sous le col, nous avons déclenche à distance toute la pente sud qui va de la pointe Chevriere a la tête d Aussois. Très grande plaque mais de faible épaisseur ( entre 5 et 20 cm à la cassure sur au moins 500m de large) Nous nous tenions le plus loin possible de cette pente qui nous surplombait et nous n avons pas été inquiètés par l écoulement. Photos vont suivre."

"http://www.data-avalanche.org/avalanche/1364114968828", 15/03/2013 Pyrénées Pic du Midi de Bigorre Roche Noire
"Le ski était une passion pour ce quadragénaire qui travaillait sur le Pic du Midi dans les Pyrénées. Ce vendredi matin, une avalanche s’est déclenchée et elle a causé la mort de ce skieur expérimenté qui faisait du hors-piste sur le versant sud".  "Ce dernier était à moitié enseveli ; sa tête a sans doute heurté un des rochers.

"http://www.data-avalanche.org/avalanche/1363812658239", 
14/03/2013 Queyras Pic de Caramantran Molines en Queyras - Col d'Agnel - Rive gauche de l'Aigue Agnelle
La date de départ de l'avalanche est inconnue mais elle a été observée le 14 mars depuis le refuge d'Agnel.

"http://www.data-avalanche.org/avalanche/1363101343327", 
10/03/2013 Piémont Val Maira chialvetta - Pente au dessous Comba Emanuel Inferiore mt.2100 (coté italien de l'Ubaye).
Deux hommes ont été pris dans la coulée mais heureusement ils sont restés en surface. 50 cm de neige fraîche tombée pendant les chutes des 06 et 07 mars. "L'avalanche a été déclenchée par moi même en essayant de sortir de la pente raide au dessus des rochers sur la gauche. Mon copain était en bas près du rocher noir sur la droite, mais bêtement devant lui au lieu de derrière : nous avons été emportés tous les deux. Heureusement j’étais en surface et mon ami avec peu de neige sur lui ; nous sommes sortis tous les deux sans aide." L'indice de danger du bulletin avalanche italien pour le secteur Alpi Cozie S. zone di confine (zone de frontière) était de 3 (marqué).

"http://www.data-avalanche.org/avalanche/1362834789133", 
09/03/2013 Queyras St Véran Combe de Crose
Extrait du Dauphiné Libéré : "Deux skieurs qui évoluaient hors-piste dans le massif du Queyras à Saint-Véran (Hautes-Alpes) sont morts après avoir été emportés par une avalanche qui s’est déclenchée samedi matin. Les deux victimes, un homme et une femme, skiaient sur la crête de Combe Crosse à 2 800 mètres d’altitude en compagnie d’un autre skieur lorsqu’une coulée s’est déclenchée, dévalant quelque 600 mètres de long dans le couloir qui fait face au hameau de Fontgillarde." Lire également l'article de La Provence dans "Lire le récit".

"http://www.data-avalanche.org/avalanche/1363189028163", 
09/03/2013 Maurienne Grand Galibier Pointe du Vallon
Avalanche spontanée mobilisant la neige tombée le vendredi 8. Observée le matin du lundi 11. Sans doute descendue le samedi 9, mais pas impossible le 10.  On nous signale sur la Haute Maurienne une instabilité qui perdure : spontanée, accidentelle et artificielle.

"http://www.data-avalanche.org/avalanche/1362850966301", 
07/03/2013 Haute Tarentaise Col de l'Iseran Col Pers - Plates du vallonnet - Grand-Torsai,
Deux skieurs déclenche cette vaste plaque. ils réussiront à s'en échapper de justesse. Circonstances similaires à celles de l'avalanche mortelle de la veille à Tignes.

"http://www.data-avalanche.org/avalanche/1362591809037", 06/03/2013 Mont Thabor Valfréjus Arrondaz - accès à la "Combe Perdue"
Deux skieurs d'excellent niveau se font emporter malgré leur très bonne connaissance du site. L'un d'eux aura malheureusement la jambe brisée.  Le vent encore fortement gêné le secours par hélicoptère. Évacuation réussie quand même.

"http://www.data-avalanche.org/avalanche/1390556225315", 
06/03/2013 Maurienne Albiez le Vieux RD 80 - Sur La Char
Glissement de talus sur route

"http://www.data-avalanche.org/avalanche/1362584805281", 
06/03/2013 Haute Tarentaise Tignes Bois de la Laye
Deux skieurs "ont trouvé la mort ce matin, pris dans une avalanche au niveau du Bois de la Laye à Tignes bien à gauche des pentes du Lavachet. L’accident s’est produit au niveau de la cascade bien connue des randonneurs pendant l’été. L’avalanche s’est produite à 11h30 couvrant une très longue distance sur cette pente située en face de la route d’accès à Tignes, pente qui s’est transformée en toboggan. L’alerte a été donnée sans savoir qu’il y avait des skieurs qui avaient emprunté cet itinéraire."

"http://www.data-avalanche.org/avalanche/1362504352849", 05/03/2013 Ubaye - Parpaillon Crévoux Goulotte des enfers
Accident en cascade de glace. "un guide de haute montagne a donné l’alerte. Les quatre clients qu’il encadrait ont été pris dans une avalanche." Voir le site du DL pour davantage d'informations

"http://www.data-avalanche.org/avalanche/1362740055254", 05/03/2013 Maurienne Crey du Quart Combe des Granges - Hors-piste station de Valloire
Extrait du Dauphiné Libéré: "Un père et son fils de 12 ans n’ont été que légèrement blessés après avoir été emportés par une avalanche, hier après-midi, alors qu’ils évoluaient en hors-piste à Valloire, en Maurienne. Aux alentours de 16 heures, dans le secteur de la Combe des Granges, une plaque créée par le vent qui souffle par rafales de plus de 100 kilomètres/heures depuis lundi, a cédé sur leur passage. Peu épaisse, la coulée de 30 mètres de large les a emportés sur près de 300 mètres de distance, leur faisant franchir deux barres rocheuses de près de quatre mètres de haut chacune."

"http://www.data-avalanche.org/avalanche/1362609970429", 
05/03/2013 Ubaye - Parpaillon Pic de Boussolenc Vallon de terre rouge
Un randonneur à ski se fait suprendre par un déclanchement à distance en lisière de forêt. L'inclinaison de la pente à son niveau était de 26°, l'inclinaison au niveau de la rupture de 36°. Heureusement l'avalanche fera plus de peur que de mal. Lire absolument le recit très detaillé via le lien vers une description.

"http://www.data-avalanche.org/avalanche/1366550288736", 
04/03/2013 Jura Le Reculet Combe du Narderant
L'avalanche a été observée le 04/03/2013.

"http://www.data-avalanche.org/avalanche/1362414244745", 
04/03/2013 Haute Tarentaise Tignes RD87A
petite coulée de talus située entre le paravalanche du Vépier et le paravalanche des Combes ce jour à 15 heures.

"http://www.data-avalanche.org/avalanche/1362611004873", 
04/03/2013 Aravis Bornes - Pic du Jallouvre Chaîne du Bargy - entre le Pic du Jallouvre et le Buclon
L'avalanche a été signalée comme ayant une ampleur inhabituelle.

"http://www.data-avalanche.org/avalanche/1362735192922", 
03/03/2013 Queyras Peyre Nière En dessous de la Crête de Peyre Nière
"Nous étions assez espacés car le passage en traversée en question était un peu pentu (sans avoir besoin de mettre les couteaux!). Un premier skieur est passé, a même fait une mini-chute sans avoir d'éléments annonciateurs. C'est lors du passage du deuxième skieur (moi), à l'endroit précis où le premier skieur avait chuté que la plaque s'est détachée sur une largeur d'environ 50m et une épaisseur d'une quarantaine de cm. Le 3ème skieur a bougé un peu mais se situait heureusement juste avant l'avalanche. J'ai glissé sur une 50aine de mètres en essayant de nager pour rester en surface et pousser les blocs devant moi. J'étais plutôt sur le coté de l'avalanche dont le centre a dévalé sur bien 200m de long. Les skis, en position de montée, m'ont fait tourner un peu dans tous les sens mais sans réel dommage (seul une entorse à la cheville droite). Quand je me suis arrêté, j'étais quasi dégagé sauf que les skis et la neige compactée sur les jambes m'empêchaient de bouger et ont nécessité une aide extérieure."

"http://www.data-avalanche.org/avalanche/1362608485741", 
03/03/2013 Mercantour Le Cimet Piera Bruna
"J’ai déclenchée une plaque ce dimanche vers 13h30 sur le versant nord de Peira Bruna, à environ 2300 m, dans le secteur Ubaye route Col de la Cayolle (départ près de Villard d’Abbas).  La cassure s’est formée 1-2 m à l’amont de moi et il m’a fallu au moins 1 ou 2 sec pour comprendre que la neige où j’étais bougeait par rapport à la neige environnante, et non pas l’inverse… La plaque étant lente et en un seul bloc au départ, j’ai pu glisser assez facilement en dehors. Plaque de dureté moyenne, à grains fins prédominants, largeur moyenne de 20-30 m, épaisseur 10-15 cm, dénivelé parcouru 40-50 m avec une pente comprise entre 30 et 35° dans la zone de départ. Surface de glissement où j’ai distingué particules reconnaissables et faces planes. Je n’ai pas senti d’affaissement au déclenchement. La neige en dessous semblait également sèche et encore fraîche (mais je n’ai pas approfondi l’analyse en profondeur vu les circonstances…), compte tenu des températures des dernières semaines et de l’orientation."  Marco Rosso

"http://www.data-avalanche.org/avalanche/1387401120487", 
02/03/2013 Haute Tarentaise Pointe de la Foglietta Sainte-Foy-Tarentaise
"Ce jour là, navigant entre 2 itinéraires habituels (Col de l'Argentiere et Nord de la Fogliettaz), et en recherche de neige un peu moins béton sur le bas, nous sommes passés sur un secteur un peu plus exposé (barres)." La plaque s'est déclenchée lors du passage du 2ème skieur qui s'est alors retrouvé au milieu de la plaque. "En fait, les conditions avaient été très variables les jours précédents (vent sur plusieurs secteurs, redoux...). C'est sans doute ça qui nous a piégé... On avait vu de tout sur cette sortie! (accumulations dues au vent, tôle ondulée, quelques "whoom" au lac blanc...) Mon copain s'en tire par miracle, après avoir sauté 2 barres avec la coulée (photos).1er saut d'environ 5-8m, 2eme d'environ... 15m à vue de nez. Sans son airbag et s'il avait été pris sous le flot, à mon avis il y passait. "Le risque annoncé en station était à 2 (bulletin du matin, c'est ce qui était au drapeau de l'Aiguille), révisé ensuite à 3."  Voir également dans "Lire le récit" l'ensemble des photos avec description. Les photos ont été prises le lendemain (03/03/13).

"http://www.data-avalanche.org/avalanche/1362584596717", 
02/03/2013 Ubaye - Parpaillon Grand Parpaillon Montagne de Razis
Un skieur de randonnée arrive à s’échapper d'une avalanche qu'il avait déclenché lors de son arrivée dans la pente. Témoignage complet à lire sur le Blog de Fred Vionnet lire via "lien vers une description."

"http://www.data-avalanche.org/avalanche/1362849027577", 02/03/2013 Queyras Gilly Abriès - "Grande Combe" (pente nord du point nommé "Gilly" sur la carte IGN)
Une plaque d'assez grande ampleur est partie dans la pente appelée localement "Grande Combe" (pente Nord du point appelé "Gilly"sur l'IGN) en domaine hors-piste de la station d'Abriès.  "A 10h 45, la pente vient d’être tracée par un un premier skieur. Sur mes gardes, compte-tenu des bonnes quantités de neige tombées ces derniers jours et du risque 3, j'observe cette pente qui semble peu accueillante en ces conditions. Je ne peux m’empêcher de m'approcher jusqu'à la rupture de pente afin d'analyser la sous couche du manteau neigeux. En effet, 40 cm de neige fraîchement tombée sur une couche sans cohésion. A l'abri sur une épaule, je donne un appui pour regagner la crête lorsque le manteau se détache 2 à 3 mètres au dessus de moi, la plaque glisse et disparaît sous la ligne de barre rocheuse. Je n'ai pas bougé à l'abri sur ce ressaut rocheux. Ce n'est que quelques secondes plus tard que je m'aperçois que la fissure engendrée par mon appui s'est propagée sur plus de 150 mètres et que la pente entière de la combe est partie. Grosse accumulation au bas de la pente.  Pourquoi avoir absolument voulu vérifier que les conditions ne permettaient pas de skier cette pente?  1 : Je pense que le psychologique joue énormément dans ces cas là. Le fait de voir une trace partir dans la pente incite à savoir si ça passe ou pas (je l'accorde réaction très enfantile)  2. Le fait de voir la plaque partir a du je pense inconsciemment confirmer ma prise de décision. "Tu vois tu avais raison".... Après réflexion, je me dis qu'en ayant préparé ma sortie consciencieusement avec lecture du BRA, réflexion et prise de décision....je n'aurais jamais du me retrouver en haut de cette pente."

"http://www.data-avalanche.org/avalanche/1364062292153", 
01/03/2013 Queyras Tête de la Petite Part
"1 groupe de 12 avec deux guides, distances exigées dès le col, entrée dans la pente par le premier guide et les clients posés sur le sommet du dôme à droite avant l'entrée dans la pente par le couloir de droite. La plaque est partie juste 3 mètres au dessus de moi. Nous voyons à gauche des images, la trace de sortie que j'ai faite. Les deux côtés de la plaque mesuraient 1 m environ et 20 cm au centre à mon point d'entrée." Jour blanc ce jour-là.

"http://www.data-avalanche.org/avalanche/1362174461541", 
28/02/2013 Haute Maurienne Pointe d'Andagne RD 902 - Rosse Zaille
Beaucoup de purges spontanées et de résultats positifs au déclenchement préventif lors de ce retour d'Est. Cette avalanche s'est produite sur route fermée pendant la mise en œuvre du PIDA (Gazex, plan d’intervention pour le déclenchement des avalanches)

"http://www.data-avalanche.org/avalanche/1361916596330", 
26/02/2013 Grandes Rousses Petites Rousses Aval du Lac de Balme rousse
Déclenchement de plaque au passage d'un skieur... qui est parvenu à s'échapper. Glissement de la neige accumulée par le vent la nuit passée, sur couche très fragile.

"http://www.data-avalanche.org/avalanche/1362394906021", 
24/02/2013 Piémont Val Maira
Précisions à venir...

"http://www.data-avalanche.org/avalanche/1361393773391", 
20/02/2013 Maurienne Rochilles Tours de Notre Dame
"Ce matin, vers 10 h 30, une avalanche s’est déclenchée dans le secteur du Seuil des Rochilles, sur la commune de Valloire. La coulée a emporté un militaire, qui effectuait une sortie d’entrainement, en groupe. Enseveli, le militaire a été retrouvé et a été pris en charge par les gendarmes du PGHM de Modane. Le malheureux est mort au CHU de Grenoble où il avait été transporté en arrêt cardio-respiratoire."

"http://www.data-avalanche.org/avalanche/1361120949597", 
16/02/2013 Haute Maurienne La Norma Belle Plinier - Ruisseau de Saint Antoine
Départ de plaque de fond observé par les pisteurs en cours de matinée, alors que la température de l'air était encore très froide (de l'ordre de -15°C) d'après eux. Étant donné le ciel clair, la température de surface neige était sans doute bien inférieure. Départs observé également sur le versant en face, sous la dent Parrachée.

"http://www.data-avalanche.org/avalanche/1360856125756", 
14/02/2013 Haute Tarentaise Tignes Mont Pourri, Rocher Blanc, RD 902
La plaque de fond, partie en matinée, a entrainé la formation d'un aérosol qui a atteint le niveau de la RD 902 sur le versant en face (sans aucune conséquence !).

"http://www.data-avalanche.org/avalanche/1361033980812", 
14/02/2013 Haute-Bigorre Barèges Couloir du Theil
L'avalanche est descendue en début d'après-midi dans le couloir du Theil jusqu'au village de Barèges et a bloqué le ruisseau de Bastan qui traverse ce village.  Au même endroit, le 09/02/2013, une avalanche était descendue et avait recouvert le parking des Thermes. 600 touristes avaient alors été évacués du village.  Voir dans le "Lire le récit" deux articles de la presse (France 3 Midi-Pyrénées et La République des Pyrénées)

"http://www.data-avalanche.org/avalanche/1360872194388", 
13/02/2013 Beaufortain Pointe de Combe Bénite
Extrait du Compte-rendu sur Skitour: "Arrêtés à 2513, le sommet étant couvert. Descente Ouest. 3 d'entre nous ont descendu la pente et se sont arrêtés sur le petit mamelon. La plaque au vent est partie sous les skis des 2 skieuses suivants, une a été emportée et poussée puis ensevelie dans le creux en amont du petit mamelon. La coulée est passée au dessus du petit mamelon emportant les 3 premiers skieurs qui ont été recouverts, traînés mais qui ont pu se dégager par leurs propres moyens. Les 2 veilleurs du groupe ont prévenu les secours qui sont arrivés dans les 5 min BRAVO. La 5ème skieuse s'est dégagée, a localisé la victime et commencé à creuser seule! Par chance 4 secouristes PGHM et CRS étaient à l'entrainement sur place, MERCI. Les secouristes ont dégagé rapidement la tête sous 2m de neige, les pieds à 3m MERCI. Ils ont donné les premiers secours -oxygène- avant l'évacuation sur l'hôpital de Moutiers. La victime s'en sort bien. Nous remercions les secouristes très organisés dont celui qui s’entraînait pour la Pierra Menta qui a parcouru la coulée à très grande vitesse avec le DVA en position recherche pendant que son collègue creusait, ceux qui nous ont formés et entraînés aux avalanches et la chance." Voir l'ensemble du CR sur Skitour en cliquant sur le "lien vers une description".

"http://www.data-avalanche.org/avalanche/1360772895197", 
11/02/2013 Belledonne Le Recoin RD111 - Route d'accès à Chamrousse Le Recoin (PR 21+850) - Avalanche n°1 CLPA St Martin d'Uriage
L'avalanche a fini sa course sur la chaussée. Elle a été signalée à 13h.  Des signes d'un petit départ en plaque ont été observés dans la zone de départ de l'avalanche n°1 de la CLPA St Martin d'Uriage, sûrement à l'origine de l'évènement qui a impacté la route.

"http://www.data-avalanche.org/avalanche/1360599743223", 
09/02/2013 Lauzière Pic du Rognolet Entre l'épaule du Grand Chateau et la Combe des Plans
"Après une montée sans histoire, sinon quelques tests du bâtons aux résultats contradictoires (ces derniers annonçant des hauteurs de neige meuble à la fois enviables et génératrices d'un certain état de vigilance), nous nous arrêtons avec les autres groupes au col de Montartier, et renonçons à la descente en versant W compte tenu des traces de transport de neige par le vent plutôt importantes dans ce versant et de la présence de rochers qui augmentent l'exposition, d'autant que le retour par le col des Paris Saint Jacques n'est pas très engageant : un grosse cassure raye également ce qu'on voit de la face SO de la pointe Saint Jacques.  Au retour, nous nous engageons à l'Est pour rejoindre l'épaule qui mène au Tchatcho. En tentant de rejoindre l'itinéraire classique de montée, nous empruntons une pente SE à environ 35° de moyenne avec un court passage à 40°. Compte tenu des accumulations observées, le groupe évolue 1 par 1. Le premier skieur franchit la pente sans encombre. Le second déclenche une plaque d'une dizaine de mètres mais qui s'élargit par la suite pour atteindre près de 40 mètres de large. Il est emporté par la coulée qui ne l'ensevelira pas. Il peut se dégager seul et sortir du dépôt."  Lire le récit complet et intéressant sur camptocamp.org .

"http://www.data-avalanche.org/avalanche/1360486302482", 08/02/2013 Mont Blanc Brévent Un des couloirs du Brevent
Un skieur hors-piste c'est fait surprendre par une avalanche alors qu'il évoluait dans un des couloirs du Brevent. L'avalanche pourrait être une plaque à vent. Le skieur est malheureusement decedé.

"http://www.data-avalanche.org/avalanche/1360487074450", 08/02/2013 Vanoise Roc Merlet Secteur Chanrossa
Un groupe de trois skieur hors-piste se sont fait emporter par une avalanche. Deux d'entre eux n'ont pas été ensevellis alors que le troisième est resté plus de 20 minutes sous la neige. Il a pu être retrouvé grace à son Arva.  

"http://www.data-avalanche.org/avalanche/1360358378387", 
08/02/2013 Vanoise Dent Parrachée
Cette plaque est partie aujourd'hui, entre 11h30 et 13h45. La zone de départ est à environ 2200 m dans la zone de la Ferrière (d'après la carte). le dépôt est venu jusqu'à environ 1450 m. C'est en face ESE sur les contreforts de la Parrachée. - On suppose qu'une plaque de fond a glissé d'abord, provoquant ensuite l'ensemble de l'avalanche. - Surprenant de voir une estimation de risque à 2 sur 5 pour cette journée proche d'une période de précipitations et de fort transport de neige par le vent. - Une autre plaque du même type est partie le lendemain un peu plus haut (pas de bonnes photos). Comme quoi, le refroidissement significatif de stoppe pas ces glissements de plaques de fond... .

"http://www.data-avalanche.org/avalanche/1360855001748", 
04/02/2013 Haute Tarentaise Tignes Mont Pourri - Rocher Blanc - RD 902
Départ de plaque de fond qui a provoqué la formation d'un aérosol qui est remonté en rive gauche de l'Isère. Un plus grosse, du même type, est partie une dizaine de jours plus tard.

"http://www.data-avalanche.org/avalanche/1360076983614", 
03/02/2013 Chaberton Montgenèvre Vallon des Baïsses
2 skieurs et 1 surfeur déclenchent une plaque en versant est-nord-est, altitude 2400 , cassure de 50 à 20 , dépôt de 60 m de large et 100m de long. Epaisseur sup à 2 m . Il y a 2 indemnes, et un blesse grave, mais personne d'enseveli. Blessures due aux arbres. Aucune des 3 personnes n'est équipée de matériel de secours en avalanche.

"http://www.data-avalanche.org/avalanche/1359922844512", 
03/02/2013 Vanoise Dent Parrachée Les Balmes - Aussois
Une des avalanches déclenchées préventivement, après une épisodes de précipitations plutôt faibles accompagnées d'un fort transport par le vent.

"http://www.data-avalanche.org/avalanche/1359834225019", 
02/02/2013 Aravis Aiguille de Borderan Nant Parreux - RD 909
Avalanche spontanée partie en deux fois, entre le soir du 1er et le 2 février. A coupé le chemin piéton, mais s'est arrêtée loin de la chaussée.

"http://www.data-avalanche.org/avalanche/1359925090608", 
31/01/2013 Haute Maurienne Bonneval sur Arc La Met - RD 902
Vaste plaque de fond partie spontanément entre le soir du 30 et le matin du 31 février.

"http://www.data-avalanche.org/avalanche/1359924385144", 
31/01/2013 Haute Maurienne Bessans RD 902 - Praz Rot
Vaste plaque partie spontanément entre le soir du 30 et le matin du 31 février

"http://www.data-avalanche.org/avalanche/1359825336375", 30/01/2013 Lauzière L'Homme de Beurre Hors-piste Saint François Longchamp
L'avalanche est partie dans la nuit du 29 au 30/01.

"http://www.data-avalanche.org/avalanche/1359576448446", 29/01/2013 Lauzière L'Homme de Beurre Hors-piste Saint François Longchamp
Extrait du Dauphiné Libéré : "Une avalanche de grande ampleur s’est déclenchée, hier, dans le secteur appelé “L’homme de beurre”, sur la commune de Saint-François-Lonchamp."

"http://www.data-avalanche.org/avalanche/1359310286688", 
26/01/2013 Vanoise Rateau d'Aussois
Plaque au terrain partie dans la matinée. De nombreuses gueules de baleine sont encore visibles dans ce secteur.

"http://www.data-avalanche.org/avalanche/1359824085335", 22/01/2013 Lauzière L'Homme de Beurre Hors-piste Saint François Longchamp
L'avalanche est partie dans la nuit et a traversé un chemin emprunté par les dameuses et une piste rouge (La Colombe). Le dépôt était constitué par de gros blocs dont certains de la taille d'un 4*4.

"http://www.data-avalanche.org/avalanche/1358939359418", 22/01/2013 Grandes Rousses Alpe d'Huez Au dessus de l'altiport ; secteur des Crêtes de l'Herpie
"Gros départ de plaque au dessus de l'altiport de l'Alpe d'Huez". " Une plaque à vent de 300m qui s'est engouffrée dans un goulet, avait dévalé la pente sur plus de 600m. Après vérification, il n'y avait aucune victime."

"http://www.data-avalanche.org/avalanche/1358707243818", 
20/01/2013 Mont Thabor Col de la Roue Fontaine Froide
Deux randonneurs se sont fait surprendre alors qu'ils montaient sur une piste d'été. Les 2 emportés, mais un seul enfoui complètement. Sorti indemne par son compagnon qui l'a localisé grâce à un indice de surface. Plusieurs autres départs de plaques observés ensuite. Photos en attente.  Le guide Michel Moreau sur Val d'Isère nous signale aussi le départ de plusieurs plaques dues au vent, depuis la nuit passée.

"http://www.data-avalanche.org/avalanche/1358716042198", 
20/01/2013 Haute Maurienne Termignon Le Grand Coin
" Une avalanche s’est déclenchée sur le secteur hors-piste du domaine skiable et a terminé sa course sur la piste « Le grand coin » . Une équipe de sauveteurs a sondé la neige par mesure de sécurité, il n’y aurait pas de victime. Le téléski qui fonctionne juste à côté a été interrompu suite à l’avalanche. "

"http://www.data-avalanche.org/avalanche/1358716492766", 
20/01/2013 Maurienne Crey du Quart Hors-piste Station de Valloire - A proximité du Télésiège de Montissot
Un skieur a été emporté par une avalanche de faible ampleur, alors qu'il évoluait en itinéraire hors-piste. Le ruisseau en aval a constitué un piège qui lui fut fatal.  On se souviendra d'une autre avalanche similaire et mortelle dans le même secteur le 23 février 2004 (référencée aussi sur data-avalanche). Ces deux avalanches soulignent le danger de toutes pentes d'inclinaison supérieure à 30°, surtout lorsqu'elles dominent des "pièges" (cours d'eau, barres rocheuses, etc.).

"http://www.data-avalanche.org/avalanche/1358719295738", 19/01/2013 Oisans Auris en Oisans Hors-piste Auris-en-Oisans
Un groupe de six skieurs qui évoluait en hors-piste a déclenché une plaque "hier en début d'après-midi, à 1 800 mètres d'altitude, au-dessus de la station d'Auris-en-Oisans dans le secteur dit "du Col", une combe qui rejoint le domaine de l'Alpe-d'Huez. Trois d'entre eux ont été emportés par la coulée mais un seul s'est retrouvé piégé, la tête à l'air libre mais le corps bloqué sous la masse de neige. Alors que ses amis tentaient de le dégager, une seconde avalanche s'est produite, dans laquelle l'un des skieurs a alors été complètement enseveli"

"http://www.data-avalanche.org/avalanche/1358543618947", 
18/01/2013 Haute Tarentaise Pointe de la Bailletta
"Elle à lâchée ce matin en 2 temps, je pense à cause de la configuration du terrain au niveau du départ, où on constate un "éperon naturel" qui sépare l'écoulement de l'avalanche en 2. 1er départ à 9h05 et le second à 9h20 par des températures fortement négatives de l'ordre de - 16°c."

"http://www.data-avalanche.org/avalanche/1358969778438", 
17/01/2013 Vercors Font d'Urle Glacière de Font d'Urle
Alors qu'un groupe de pompiers spécialisés dans les secours en montagne effectuait un exercice sur la Glacière de Font d'Urle, une plaque se détache à leur passage. Le groupe est emporté en partie et un seul sera enseveli totalement. Il sera retrouvé (en vie) par ses collègues au bout de 7 minutes. Le trou de recherche faisait 3,80 m de long et une profondeur de 1,10m en moyenne. La plaque faisait 50 m de longueur sur 6 à 8 m de largeur et a glissé sur environ 12m. Les photos ont été prises le lendemain (le 18/01). Le BRA 38 indiquait un risque 3 pour le Vercors.

"http://www.data-avalanche.org/avalanche/1358878473068", 
16/01/2013 Massif Central Puy de Chabane Cirque de la Fontaine Salée
Lors de la descente dans le cirque de Fontaine Salée par le "petit goulet situé sous la côte 1611", l'un deux déclenche à son passage une plaque. Il arrive à s'en sortir et à se mettre à l'abri. 5 jours avant l'avalanche, il était tombé 30cm de neige soufflée et la veille 20cm de neige froide également soufflée. Voir également le compte-rendu sur SKitour dans le Lien vers une description.

"http://www.data-avalanche.org/avalanche/1358198376839", 
14/01/2013 Haute Maurienne Bonneval sur Arc Les Roches - RD 902
Belle plaque de fond partie en journée... en dépit du retour des températures bien froides

"http://www.data-avalanche.org/avalanche/1358111494173", 12/01/2013 Belledonne Pic des Grandes Lanches Grand couloir SW
Un skieur de randonnée remontant à pied la fin du le Grand Couloir des Pics des Grandes Lanches s'est fait emporter par une coulée. Il décedera à la suite de ces blessures. Plus d'info dans le PDF

"http://www.data-avalanche.org/avalanche/1360530989222", 
08/01/2013 Maurienne Cime de Lancheton Croix du Chatelard
Il s'agit d'une énorme plaque de fond partie dans le versant sud dans la journée du 08 janvier 2013. Nous (PGHM) avons été avertis par le service des pistes des Karellis.

"http://www.data-avalanche.org/avalanche/1357677375785", 
07/01/2013 Beaufortain Mont Joly Téléski du Véleray - Les Contamines Montjoie
Deux pylônes de téléskis endommagés par la reptation du manteau neigeux.

"http://www.data-avalanche.org/avalanche/1357408717399", 02/01/2013 Taillefer Taillefer Pas de la Mine
Un jeune homme a été emporté par une avalanche en début d'après-midi alors qu'il évoluait en ski de randonnée dans le secteur du Pas de la Mine. "Il a dévalé environ 150 mètres en glissant, sautant plusieurs barres rocheuses avant de s’immobiliser." Il n'a pas été enseveli et s'en est sorti indemne.

"http://www.data-avalanche.org/avalanche/1357164103551", 02/01/2013 Navarre-Bearn Gourette Hors-piste Station de Gourette - Vallon d'Anglas
Un jeune homme est décédé après avoir été emporté par une avalanche alors qu'il évoluait en secteur hors-piste de la station de Gourette dans les Pyrénées-Atlantiques.

"http://www.data-avalanche.org/avalanche/1356816341358", 
29/12/2012 Vanoise Dent Parrachée Domaine skiable d'Aussois
Une des avalanches déclenchées préventivement par le service des pistes. D'autres avaient aussi été déclenchées la veille suite à l'épisode de fort vent en altitude.

"http://www.data-avalanche.org/avalanche/1357160589007", 
29/12/2012 Beaufortain Le Grand Chatelet Petit Châtelet
Incertitude sur la date de départ de cette avalanche: le 27 ou le 28/12/2012. Les photos ont été prises le 29/12/2012 depuis le Dôme de Vaugelaz.

"http://www.data-avalanche.org/avalanche/1356889591331", 
28/12/2012 Haute Maurienne Pointe d'Andagne Couloir du Midi, Bonneval sur Arc, RD 902
Avalanche déclenchée préventivement par un tir de Gazex pour la protection de la route d'accès à Bonneval sur Arc.

"http://www.data-avalanche.org/avalanche/1359284570076", 
28/12/2012 Parpaillon Crachet Vallon du Crachet depuis La Chalp
Plusieurs départs de plaques depuis les crêtes surplombant le lac et la cabane du Crachet ont été constatés le 28 décembre 2012. Ces plaques ont certainement dû partir dans la nuit du 27 au 28: randonnées dans le secteur le 27 et le 28.  Le 27, il était tombé une quinzaine de centimètres au-dessus de 1800 m, puis un fort vent avait soufflé dans la soirée et jusqu'au 28 mi-journée.

"http://www.data-avalanche.org/avalanche/1356631036759", 26/12/2012 Queyras Pic de Château Renard St Véran
Un surfeur a été emporté et tué par une avalanche alors qu'il évoluait en secteur hors-piste.

"http://www.data-avalanche.org/avalanche/1356549371534", 26/12/2012 Aravis Flumet RD 909 Flumet - La Giettaz
L'avalanche aurait traversé la chaussée. Route fermée ensuite jusqu'à 18:00 environ.

"http://www.data-avalanche.org/avalanche/1356468222842", 
25/12/2012 Haute Maurienne Rateau d'Aussois Barbier - Conduite Forcée - RD 215
Avalanche spontanée descendue entre la nuit et la matinée. Observée à 13:00 ce 25 décembre, mais pas la veille. Intéressant de voir ce qui peut se produire par risque 2 (BERA).

"http://www.data-avalanche.org/avalanche/1356428884222", 
24/12/2012 Oisans Pied du Col Passe du Midi
Reptation en cours. Vous nous donnez des nouvelles ?

"http://www.data-avalanche.org/avalanche/1356805151090", 
23/12/2012 Vosges Hohneck Col de Falimont
Plusieurs départs de plaques de fond ont été observés de chaque côté du Col de Falimont (situé à 1295m d'altitude). Ces départs font suite au fort redoux pluvieux de la période du 20 au 24 décembre. 

"http://www.data-avalanche.org/avalanche/1356281408972", 
23/12/2012 Vanoise Rateau d'Aussois
Avalanche partie spontanément entre la nuit et la matinée de ce dimanche. Illustre l'activité avalancheuse relativement faible ce jour dans le secteur. Fort transport de neige par le vent en altitude.

"http://www.data-avalanche.org/avalanche/1356162216365", 
21/12/2012 Haute Tarentaise Col de l'Iseran Signal ; secteur des Grands Vallons
Un skieur hors piste est emporté. Bien qu'équipé d'un DVA et rapidement localisé puis dégagé par le service des pistes de Val d'Isère, il est décédé. Avalanche de très grande ampleur, similaire à celle déclenchée artificiellement quelques jours plus tôt dans le même secteur.

"http://www.data-avalanche.org/avalanche/1355950504507", 
19/12/2012 Haute Maurienne La Norma Norma 2
Plaque déclenchée "à distance" dans la pente en aval de l'engin qui travaillait au damage de la piste. Plusieurs très vastes plaques avaient été déclenchées artificiellement la semaine précédente dans des secteurs proches.

"http://www.data-avalanche.org/avalanche/1356125931344", 
19/12/2012 Haute Maurienne La Norma
Plaque partie spontanément plusieurs heures après la mise en œuvre du PIDA : Gazex et grenadage à main (résultats négatifs dans le secteur en question)). Très bonne enneigement... mais début de saison piégeux !

"http://www.data-avalanche.org/avalanche/1355949230943", 
19/12/2012 Haute Tarentaise Col de l'Iseran Signal Face Nord
Très vaste plaque déclenchée par grenadage depuis hélicoptère

"http://www.data-avalanche.org/avalanche/1355688116279", 16/12/2012 Ubaye - Parpaillon Risoul Crête de Razis
Un jeune homme évoluant en hors-piste a été emporté et tué par une avalanche. Il sera retrouvé sous 2.50m de neige.

"http://www.data-avalanche.org/avalanche/1355813541379", 
15/12/2012 Aravis Flumet Les Glières - RD 909
Cette avalanche traverse la route entre Flumet et La Giettaz, qui était fermée préventivement. La zone de départ n'est pas identifiée avec certitude, mais forcément assez haute pour avoir permis à l'écoulement de prendre cette extension.

"http://www.data-avalanche.org/avalanche/1355693431395", 
15/12/2012 Parpaillon les Orres Sous Télésiège des Fontaines
Avalanche déclenchée accidentellement par un pisteur en se rendant sur un pas de tir. L'airbag lui a permis de rester en surface, alors que ses skis l'on toujours tiré vers le fond. Il s'en sort heureusement indemne. Nombreuses avalanches d'une ampleur inhabituelle déclenchées artificiellement ce jour là.

"http://www.data-avalanche.org/avalanche/1355486538789", 13/12/2012 Chartreuse Petit Som Col de Léchaud
2 randonneurs à ski se sont faits emporter par une avalanche alors que quatre autres randonneurs était déjà montés deux fois dans la pente sous le col de Léchaud mais en traversant plus en dessous pour aller vers le Petit Som.  Au moment de redescendre ils aperçoivent les deux randonneurs qui sont montés un peu plus haut vers le col, ils sont en train de se faire emporter: positions très proches entre eux deux...en haut ... et à l'arrivée. Pentes relativement moyenne (?..) mais grosse accumulation liée au vent.

"http://www.data-avalanche.org/avalanche/1355343795406", 
12/12/2012 Haute Tarentaise Aiguille Percée Vallon de la Sache
Deux skieurs qui évoluaient en hors-piste dans le Vallon de la Sache ont été emportés par une avalanche : le premier skieur sera dégagé rapidement par les pisteurs de la station et le second a été retrouvé au bout d'une demi-heure (il se trouvait au niveau du groupe le plus bas sur l'avalanche que l'on voit sur la photo)

"http://www.data-avalanche.org/avalanche/1355436940026", 
12/12/2012 Haute Maurienne Pointe d'Andagne Les Coverdettes
Vaste plaque partie spontanément dans la nuit du 11 au 12 décembre. Il semble que 2 plaques soient parties simultanément. Curieusement, le PIDA hélicoptère qui a été mis en œuvre ensuite dans la face n'a donné aucun résultat positif.

"http://www.data-avalanche.org/avalanche/1355084695089", 09/12/2012 Vercors Les Trois Becs Pas de Siara
Un randonneur aurait été emporté par une avalanche dans le Vercors drômois dans le secteur du Pas de Siara. Plus d'informations dès que possible.

"http://www.data-avalanche.org/avalanche/1355076136979", 
08/12/2012 Vanoise Rateau d'Aussois Les Côtes
Une des multiples plaques de fond parties entre ces 8 et 9 décembre. Non, la neige de ces plaques n'est pas toujours humide ! Non, elles ne se produisent pas qu'au printemps !

"http://www.data-avalanche.org/avalanche/1355579863532", 
08/12/2012 Belledonne Le Recoin RD111 - Route d'accès à Chamrousse Le Recoin - Avalanche n°1 CLPA St Martin d'Uriage
L'avalanche a été signalée à 7h le 8/12/12. Elle a fini sa course sur la chaussée de la départementale RD111 à hauteur du PR21+850. Le dépôt a été estimé à environ 40m3. (Hauteur maxi du dépôt : 3m et largeur sur la chaussée : 15m). Concernant la zone de départ, elle n'a pas pu être clairement identifiée. Seul un départ ponctuel superficiel est apparu mais difficile de dire s’il s’agit là de l’élément détonateur. En effet, il existe une incertitude temporelle entre le moment du départ de l’avalanche et la fin des précipitations : est ce qu’il y a eu une nouvelle accumulation de neige recouvrant la zone de départ ?

"http://www.data-avalanche.org/avalanche/1355078005507", 
06/12/2012 Aravis Montagne de Sulens Sous l'arête du Grand Sulens dans la combe NW
Deux raquetteurs ont été emportés par une avalanche: l'un s'est dégagé très rapidement et l'autre a été retrouvé sous 50 cm de neige après 45 minutes de recherches. L'alerte a été donné aux secours vers 12h50.

"http://www.data-avalanche.org/avalanche/1354990113202", 
06/12/2012 Haute Tarentaise Tignes Tovière
On passe, rien... On repasse une heure plus tard pour découvrir cette belle avalanche. Un coup de DVA et une alerte vers les pisteurs pour vérifier qu'il n'y a personne dessous. D'autres avalanches spontanées ont été observées dans le secteur au même moment. Inquiétant...

"http://www.data-avalanche.org/avalanche/1354710945828", 
05/12/2012 Haute Tarentaise Tignes Secteur de Tovière
Quatre skieurs qui évoluaient en hors-piste sous la ligne de la Télécabine de l'Aéroski ont été emportés par une avalanche.. Deux d'entre eux ont été complètement enfouis. L'une des victimes décèdera, après avoir été localisée par sondage.

"http://www.data-avalanche.org/avalanche/1354743275748", 
04/12/2012 Dévoluy Super Dévoluy Bord de piste
L'avalanche a été déclenchée à pied et à distance. 

"http://www.data-avalanche.org/avalanche/1353184376524", 
14/11/2012 Queyras Pointe de la Saume
La date de départ de cette avalanche n'est pas connue mais elle a été observée le 14 novembre 2012 (certainement après les chutes de neige de la nuit du 10 au 11 novembre).

"http://www.data-avalanche.org/avalanche/1353173047951", 
11/11/2012 Queyras Pics de la Font Sancte
Incertitude sur la date de départ de l'avalanche : soit le 11 ou le 12 novembre 2012. Elle fait suite aux chutes de neige qui ont eu lieu dans la nuit du 10 au 11 novembre.

"http://leafletjs.com/", Leaflet
"http://www.ign.fr/", IGN
"http://osm.org/copyright", OpenStreetMap
"https://opt-out.ferank.eu/", Cookies manager by tarteaucitron.js
"https://opt-out.ferank.eu/service/gajs/",            Read more       
"https://support.google.com/analytics/answer/6004245",            View the official website       